insert into T_TRANSAKSJON (TRANSAKSJON_ID, TRANS_TILSTAND_ID, FIL_INFO_ID, K_TRANSAKSJON_S, PERSON_ID, K_BELOP_T, K_ART, K_ANVISER, FNR_FK, UTBETALES_TIL, OS_ID_FK, OS_LINJE_ID_FK, DATO_FOM,
                           DATO_TOM, DATO_ANVISER, DATO_PERSON_FOM, DATO_REAK_FOM, BELOP, REF_TRANS_ID, TEKSTKODE, RECTYPE, TRANS_EKS_ID_FK, K_TRANS_TOLKNING, SENDT_TIL_OPPDRAG,
                           TREKKVEDTAK_ID_FK, FNR_ENDRET, MOT_ID, OS_STATUS, DATO_OPPRETTET, OPPRETTET_AV, DATO_ENDRET, ENDRET_AV, VERSJON, SALDO, KID, PRIORITET, K_TREKKANSVAR,
                           K_TRANS_TILST_T, GRAD)
values (20025925, 20569297, 20000816, '00', 1388660, '01', 'ALD', 'SPK', '04030842389', null, '2302468', '1', '2009-01-01', '2009-01-31', '2008-12-20', '2009-01-01', null, 978500, '', null, '02',
        '9805367', 'NY', '0', null, '0', '20025925', '00', '2008-12-21 10:47:17.435000', 'BMOT001', '2011-01-12 23:33:25.862434', 'PATCH349', 3, null, null, null, null, 'ORO', 100),
       (20025926, 20568818, 20000816, '00', 1388704, '02', 'ETT', 'SPK', '04030847437', null, '2302469', '1', '2009-01-01', '2009-01-31', '2008-12-20', '2009-01-01', null, 2700, '', null, '02',
        '9805368', 'NY', '0', null, '0', '20025926', '00', '2008-12-21 10:47:17.435000', 'BMOT001', '2011-01-12 23:33:25.862434', 'PATCH349', 3, null, null, null, null, 'ORO', 100),
       (20025927, 20547965, 20000816, '00', 3342027, '02', 'ETT', 'SPK', '12030839801', null, '2352054', '1', '2009-01-01', '2009-01-31', '2008-12-20', '2009-01-01', null, 686500, '', null, '02',
        '9805369', 'NY', '0', null, '0', '20025927', '03', '2008-12-21 10:47:17.436000', 'BMOT001', '2011-01-12 23:33:25.862434', 'PATCH349', 3, null, null, null, null, 'ORO', 100),
       (20025928, 20491017, 20000816, '00', 665652, '01', 'ETT', 'SPK', '01040839891', null, '2282933', '1', '2009-01-01', '2009-01-31', '2008-12-20', '2009-01-01', null, 561700, '', null, '02',
        '9805372', 'NY', '0', null, '0', '20025928', '00', '2008-12-21 10:47:17.437000', 'BMOT001', '2011-01-12 23:33:25.862434', 'PATCH349', 3, null, null, null, null, 'ORO', 100),
       (20025929, 20649852, 20000816, '00', 2146034, '01', 'ALD', 'SPK', '07040839059', null, '2321607', '1', '2009-01-01', '2009-01-31', '2008-12-20', '2009-01-01', null, 421200, '', null, '02',
        '9805373', 'NY', '0', null, '0', '20025929', '00', '2008-12-21 10:47:17.437000', 'BMOT001', '2011-01-12 23:33:25.862434', 'PATCH349', 3, null, null, null, null, 'ORO', 100),
       (20025930, 20583383, 20000817, '00', 5031582, '01', 'ALD', 'SPK', '19040835671', null, '2395904', '1', '2009-01-01', '2009-01-31', '2008-12-20', '2009-01-01', null, 82700, '', null, '02',
        '9805374', 'NY', '0', null, '0', '20025930', '00', '2008-12-21 10:47:17.438000', 'BMOT001', '2011-01-12 23:33:25.862434', 'PATCH349', 3, null, null, null, null, 'ORO', 100),
       (20025931, 20649281, 20000817, '00', 2168245, '03', 'TFT', 'SPK', '07050842880', null, '2322181', '1', '2009-01-01', '2009-01-31', '2008-12-20', '2009-01-01', null, 1177100, '', null, '02',
        '9805377', 'NY', '0', null, '0', '20025931', '00', '2008-12-21 10:47:17.439000', 'BMOT001', '2011-01-12 23:33:25.862434', 'PATCH349', 3, null, null, null, null, 'ORO', 100),
       (20025932, 20542426, 20000817, '00', 2168245, '03', 'TFT', 'SPK', '07050842880', null, '2322181', '2', '2009-01-01', '2009-01-31', '2008-12-20', '2009-01-01', null, 1248100, '', null, '02',
        '9805378', 'NY_EKSIST', '0', null, '0', '20025932', '00', '2008-12-21 10:47:17.439000', 'BMOT001', '2011-01-12 23:33:25.862434', 'PATCH349', 3, null, null, null, null, 'ORO', 100),
       (20025933, 20558834, 20000817, '00', 3386302, '01', 'ALD', 'SPK', '12050834733', null, '2353178', '1', '2009-01-01', '2009-01-31', '2008-12-20', '2009-01-01', null, 1523600, '', null, '02',
        '9805379', 'NY', '0', null, '0', '20025933', '08', '2008-12-21 10:47:17.440000', 'BMOT001', '2011-01-12 23:33:25.862434', 'PATCH349', 3, null, null, null, null, 'ORF', 100),
       (20025934, 20572960, 20000817, '00', 4609336, '01', 'ETT', 'SPK', '17050844439', null, '2384205', '1', '2009-01-01', '2009-01-31', '2008-12-20', '2009-01-01', null, 854400, '', null, '02',
        '9805381', 'NY', '0', null, '0', '20025934', '08', '2008-12-21 10:47:17.441000', 'BMOT001', '2011-01-12 23:33:25.862434', 'PATCH349', 3, null, null, null, null, 'ORF', 100);

insert into T_PERSON (PERSON_ID, FNR_FK, DATO_OPPRETTET, OPPRETTET_AV, DATO_ENDRET, ENDRET_AV, VERSJON)
values (665652, '01040839891', '2008-12-01 15:43:04.000000', 'KF37/T_PERSON', '1900-01-01 00:00:00.000000', 'KF37/T_PERSON', 1),
       (1388660, '04030842389', '2008-12-01 15:43:44.000000', 'KF37/T_PERSON', '1900-01-01 00:00:00.000000', 'KF37/T_PERSON', 1),
       (1388704, '04030847437', '2008-12-01 15:43:44.000000', 'KF37/T_PERSON', '1900-01-01 00:00:00.000000', 'KF37/T_PERSON', 1),
       (2146034, '07040839059', '2008-12-01 15:44:17.000000', 'KF37/T_PERSON', '1900-01-01 00:00:00.000000', 'KF37/T_PERSON', 1),
       (2168245, '07050842880', '2008-12-01 15:44:18.000000', 'KF37/T_PERSON', '1900-01-01 00:00:00.000000', 'KF37/T_PERSON', 1),
       (3342027, '12030839801', '2008-12-01 15:45:14.000000', 'KF37/T_PERSON', '1900-01-01 00:00:00.000000', 'KF37/T_PERSON', 1),
       (3386302, '12050834733', '2008-12-01 15:45:16.000000', 'KF37/T_PERSON', '1900-01-01 00:00:00.000000', 'KF37/T_PERSON', 1),
       (4609336, '17050844439', '2008-12-01 15:46:11.000000', 'KF37/T_PERSON', '1900-01-01 00:00:00.000000', 'KF37/T_PERSON', 1),
       (5031582, '19040835671', '2008-12-01 15:46:28.000000', 'KF37/T_PERSON', '1900-01-01 00:00:00.000000', 'KF37/T_PERSON', 1);

insert into T_TRANS_TILSTAND (TRANS_TILSTAND_ID, TRANSAKSJON_ID, K_TRANS_TILST_T, FEILKODE, FEILKODEMELDING, DATO_OPPRETTET, OPPRETTET_AV, DATO_ENDRET, ENDRET_AV, VERSJON)
values (20569297, 20025925, 'ORO', null, null, '2008-12-21 11:03:28.145000', 'BMOT002', '2008-12-21 11:03:28.145000', 'BMOT002', 0),
       (20568818, 20025926, 'ORO', null, null, '2008-12-21 11:03:28.388000', 'BMOT002', '2008-12-21 11:03:28.388000', 'BMOT002', 0),
       (20547965, 20025927, 'ORO', 'BBXX001F', 'Intern load-tabell MLOA er full', '2008-12-21 11:03:28.394000', 'BMOT002', '2008-12-21 11:03:28.394000', 'BMOT002', 0),
       (20491017, 20025928, 'ORO', null, null, '2008-12-21 11:03:28.407000', 'BMOT002', '2008-12-21 11:03:28.407000', 'BMOT002', 0),
       (20649852, 20025929, 'ORO', null, null, '2008-12-21 11:03:28.413000', 'BMOT002', '2008-12-21 11:03:28.413000', 'BMOT002', 0),
       (20583383, 20025930, 'OSO', null, null, '2008-12-21 11:03:28.419000', 'BMOT002', '2008-12-21 11:03:28.419000', 'BMOT002', 0),
       (20649281, 20025931, 'ORO', null, null, '2008-12-21 11:03:28.445000', 'BMOT002', '2008-12-21 11:03:28.445000', 'BMOT002', 0),
       (20542426, 20025932, 'ORO', null, null, '2008-12-21 11:03:28.454000', 'BMOT002', '2008-12-21 11:03:28.454000', 'BMOT002', 0),
       (20558834, 20025933, 'ORF', 'BB50019F', 'DELYTELSE-ID/LINJE-ID ved endring finnes ikke: 20025933', '2008-12-21 11:03:28.460000', 'BMOT002', '2008-12-21 11:03:28.460000', 'BMOT002', 0),
       (20572960, 20025934, 'ORF', 'BB50019F', '1DELYTELSE-ID/LINJE-ID ved endring finnes ikke: 20025934', '2008-12-21 11:03:28.467000', 'BMOT002', '2008-12-21 11:03:28.467000', 'BMOT002', 0);

insert into T_FIL_INFO (FIL_INFO_ID, K_FIL_S, K_ANVISER, K_FIL_T, K_FIL_TILSTAND_T, FIL_NAVN, LOPENR, FEILTEKST, DATO_MOTTATT, DATO_SENDT, DATO_OPPRETTET, OPPRETTET_AV, DATO_ENDRET, ENDRET_AV,
                        VERSJON, K_AVSTEMMING_S, DATO_TRANSAKSJON_SENDT)
values (20000816, '00', 'SPK', 'ANV', 'GOD', 'SPK_NAV_20242503_070026814_INL.txt', '000034', null, '2024-01-31', null, '2024-01-31 09:28:49.749039', 'sokos-spk-mottak', '2024-04-10 09:28:49.749137',
        'sokos-spk-mottak', 1, 'OSO', '2024-01-31'),
       (20000817, '00', 'SPK', 'ANV', 'GOD', 'SPK_NAV_20242503_070026815_INL.txt', '000035', null, '2024-02-01', null, '2024-02-01 09:28:49.749039', 'sokos-spk-mottak', '2024-04-10 09:28:49.749137',
        'sokos-spk-mottak', 1, 'OSO', '2024-02-01'),
       (20000818, '00', 'SPK', 'ANV', 'GOD', 'SPK_NAV_20242503_070026816_INL.txt', '000036', null, '2024-02-02', null, '2024-02-02 09:28:49.749039', 'sokos-spk-mottak', '2024-04-10 09:28:49.749137',
        'sokos-spk-mottak', 1, 'OSO', '2024-02-02'),
       (20000819, '00', 'SPK', 'ANV', 'GOD', 'SPK_NAV_20242503_070026817_INL.txt', '000037', null, '2024-02-03', null, '2024-02-03 09:28:49.749039', 'sokos-spk-mottak', '2024-04-10 09:28:49.749137',
        'sokos-spk-mottak', 1, 'OSO', '2024-02-03');